Word 0,Word 1,Word 2,Word 3,Word 4,Word 5,Word 6,Word 7,Word 8,Word 9,Word 10,Word 11,Word 12,Word 13,Word 14
philosophy,commentary,greek,japanese,various,effort,band,philosopher,criticism,target,prevent,generally,socrates,fashion,flight
printing,life,reprint,school,year,new,world,relationship,author,friend,age,series,day,earth,middle
art,love,film,life,king,star,personal,artist,work,series,soul,church,summer,movie,natural
world,life,year,family,war,young,reprint,love,dream,man,struggle,power,evil,battle,begin
death,murder,secret,dark,force,mysterious,man,crime,know,kill,old,save,strange,dangerous,year
book,guide,study,provide,text,include,use,information,offer,new,student,design,idea,chapter,language
century,literature,character,society,theory,long,theme,reading,major,race,life,literary,world,tradition,reveal
self,work,view,role,time,comic,universe,life,present,mind,discus,make,attack,practice,reveals
question,human,understand,god,life,reader,book,spiritual,answer,christian,problem,nature,personal,faith,help
woman,young,man,mother,love,come,discovers,family,dead,miss,story,life,make,horror,father
book,make,time,child,reader,like,character,classic,people,story,tale,place,new,little,best
include,work,collection,present,story,volume,feature,edition,play,write,essay,author,short,series,introduction
novel,story,life,american,book,new,author,america,war,history,world,york,time,award,poem
classic,new,history,translation,edition,historical,modern,political,review,english,great,century,war,world,plot
vampire,killer,war,little,month,heart,main,big,track,lie,walk,saint,victim,vietnam,phenomenon

